0,2.712729775
1,6.10605738
2,0.353930731
3,0.583265421
4,2.677270382
5,9.720652777
6,0.886812637
7,2.938317058
8,301.5475288
9,17.21484318
10,0.330100575
11,0.00065083
12,0
13,16.78749924
14,1.881239454
15,7.332160048
16,1.766512849
17,2.609469264
18,0
19,9.489006376
20,0
21,0.00065083
22,1.13976291
23,21.95009262
24,13.10271746
25,0.330751405
26,13.39879294
27,1.63441741
28,3.352704604
29,13.1949664
30,7.310939716
31,14.46827495
32,7.127673705
33,59.02367763
34,2.702074096
35,13.98898354
36,0.756939008
37,2.462555344
38,2.611583966
39,2.539463253
40,3.352704604
41,128.7486205
42,6.26853869
43,2.461130843
44,1.868876529
45,5.133668533
46,5.401933502
47,0.00065083
48,1.731439767
49,2.384702558
50,7.55962137
51,6.254197244
52,1.463182407
53,1.302892334
54,6.77914482
55,6.849563673
56,2.564091384
57,0
58,0
59,6.572794239
60,0
61,5.379527848
62,3.171118033
63,0.915655143
64,19.40533346
65,0.556712063
66,9.155717986
67,6.929175193
68,0.00065083
69,342.5301705
70,2.461130843
71,1.008924284
72,9.722077279
73,21.25317314
74,1.765088348
75,2.696568839
76,21.30709451
77,8.350284529
78,13.19930472
79,4.730762301
80,1.060573946
81,43.48056083
82,5.561652693
83,0.687797147
84,4.234051359
85,10.67322333
86,4.861431708
87,0
88,4.481599558
89,1.90506961
90,5.357688739
91,12.28763193
92,1.892706685
93,5.377504904
94,1.966887802
95,4.627580133
96,0
97,0
98,14.2765776
99,17.58721173
100,1.868876529
101,3.359614806
102,0.088198758
103,0
104,0.023830156
105,6.418735118
106,4.048095042
107,0
108,1.745021822
109,3.736723058
110,1.892706685
111,17.79762559
112,11.31206317
113,6.838101266
114,9.647084844
115,13.22378963
116,19.11534921
117,0.028194634
118,17.88033406
119,0.330751405
120,42.69758523
121,1.551684769
122,5.046921689
123,1.418104264
124,0.00065083
125,2.461130843
126,0.128755365
127,5.176184617
128,2.536712648
129,0.128755365
130,2.571274495
131,12.91107749
132,5.51901742
133,11.81695292
134,0.644910821
135,3.133073174
136,25.66434774
137,4.518774054
138,3.314277696
139,0.878401511
140,1.409208086
141,30.54942477
142,0.579891389
143,25.66434774
144,32.34558344
145,1.806675839
146,1.966887802
147,15.51948171
148,0
149,3.171118033
150,1.014317246
151,0.00065083
152,0.977699413
153,9.145296625
154,2.461130843
155,0.331525076
156,9.378148434
157,11.14423031
158,25.66434774
159,1.283208232
160,0.00065083
161,0
162,10.47096579
163,5.51901742
164,5.401457672
165,1.632992908
166,11.85384389
167,0
168,0
169,0
170,4.163412054
171,0
172,10.96505362
173,8.134988589
174,11.29915148
175,2.26675407
176,12.18615714
177,0.00065083
178,0.332050106
179,2.461130843
180,8.350284529
181,4.502445285
182,6.449427595
183,1.733194527
184,14.09559514
185,0
186,12.43147209
187,2.536736462
188,0
189,4.919880516
190,1.74950354
191,6.905337893
192,25.66434774
193,0
194,3.778191745
195,0.913365996
196,8.638602995
197,23.2595409
198,11.64844795
199,2.461130843
200,29.1025416
201,1.460452436
202,12.77586935
203,3.267468547
204,51.81157397
205,0.00065083
206,0.05267562
207,14.11099808
208,0
209,19.7742334
210,4.086478468
211,11.81837742
212,0.00065083
213,0
214,0
215,0.00065083
216,2.461130843
217,2.921594536
218,1.90506961
219,4.029570257
220,26.38585778
221,0
222,0.579891389
223,3.576470588
224,0.331399276
225,8.394543305
226,0.687797147
227,9.926348354
228,9.024173928
229,10.0930929
230,3.388458814
231,5.379402048
232,1.981667168
233,4.969491367
234,10.10317058
235,0
236,3.576470588
237,4.205851458
238,23.87867616
239,0.00065083
240,0.024480986
241,10.68661619
242,0.331525076
243,0.916431773
244,3.171118033
245,0.128755365
246,14.36562063
247,0
248,17.79762559
249,5.804889188
250,12.76932415
251,0.00065083
252,0.910642793
253,1.978471335
254,0.00065083
255,1.90506961
256,0.644259991
257,1.868876529
258,0
259,3.169047267
260,1.793282982
261,28.90589411
262,12.72127128
263,7.611851704
264,25.66434774
265,20.32609438
266,6.581925294
267,2.475739667
268,0.556712063
269,2.273981727
270,0.332175906
271,0.038565493
272,3.354129106
273,2.521704312
274,5.547527582
275,3.236529594
276,1.980242667
277,0
278,1.632992908
279,0
280,0
281,0.128755365
282,5.378103346
283,0.00065083
284,0
285,21.88012468
286,2.535288146
287,0.330751405
288,0
289,1.061704417
290,1.461947451
291,2.212884297
292,0.330751405
293,0
294,2.457249973
295,0.556061233
296,0.658436984
297,0.886161808
298,0.888111339
299,0.001298701
300,9.405806657
301,10.60244399
302,6.558318008
303,0.028845464
304,0.00065083
305,14.08247086
306,0
307,0.00065083
308,0.332175906
309,12.75165803
310,18.40537629
311,10.99919357
312,0.024480986
313,6.375249534
314,2.461130843
315,13.35443393
316,0
317,0.556061233
318,25.66434774
319,13.77836262
320,0.128755365
321,9.720652777
322,3.641797045
323,25.66434774
324,9.61830084
325,5.267144671
326,2.461130843
327,12.28763193
328,1.892706685
329,0.00065083
330,12.34734424
331,25.66434774
332,0
333,0
334,2.461130843
335,0.128755365
336,41.19828223
337,0.00065083
338,0.332175906
339,1.888760598
340,0.128755365
341,25.66434774
342,4.627580133
343,0.940136129
344,0.330751405
345,10.35400296
346,0.00065083
347,10.36739581
348,6.776913398
349,1.90506961
350,0.580542219
351,314.2863903
352,0.774150303
353,1.025163727
354,2.278490078
355,1.237221749
356,6.117964793
357,1.868876529
358,1.881239454
359,1.968545091
360,1.632992908
361,0
362,10.70361007
363,0
364,1.90506961
365,1.923093425
366,1.868876529
367,1.63441741
368,4.205851458
369,4.835913466
370,0
371,11.76636313
372,44.18666868
373,0.128755365
374,16.75256499
375,0.886161808
376,1.329107606
377,10.86986204
378,1.283208232
379,5.138314616
380,1.748204838
381,4.205851458
382,23.2595409
383,0.916305973
384,0.023830156
385,3.852349048
386,0.00065083
387,22.27727642
388,0.014043687
389,4.149809443
390,2.461130843
391,0
392,0.404932522
393,72.3715483
394,0
395,1.868876529
396,0.608736853
397,9.720652777
398,6.234673021
399,0.940136129
400,13.17341132
401,16.16905776
402,1.432257802
403,5.711703785
404,0.556712063
405,12.43147209
406,1.868876529
407,0.330100575
408,0.128755365
409,0.00065083
410,5.465756855
411,4.944834158
412,6.886150658
413,1.81457948
414,0
415,10.93974017
416,9.977185419
417,0.687797147
418,0.556061233
419,2.500447353
420,3.402476454
421,13.73773946
422,9.647919975
423,0.580542219
424,0.330751405
425,9.213943169
426,323.0736722
427,2.908233413
428,4.888398026
429,1.441934419
430,2.370640713
431,0.976400712
432,26.32633532
433,3.641797045
434,0.330751405
435,3.352704604
436,18.253066
437,7.580786188
438,19.8294231
439,0.688447977
440,6.373655413
441,26.838973
442,0.330100575
443,0.609384724
444,4.055003219
445,2.408139752
446,0.126856737
447,0
448,14.26903649
449,3.650721527
450,0.332175906
451,0.63024235
452,0.00065083
453,1.102952177
454,2.373363916
455,4.111636591
456,0
457,35.18911417
458,0.00065083
459,1.81457948
460,3.307512733
461,2.980899786
462,2.461130843
463,0.128755365
464,14.22239408
465,1.90506961
466,10.67322333
467,6.247841192
468,0
469,1.90506961
470,0
471,0.556061233
472,7.494516109
473,4.028145756
474,3.161267808
475,6.103865274
476,0.93126135
477,9.87648567
478,9.193547503
479,4.480948728
480,3.665627201
481,0
482,60.08919524
483,23.05035646
484,4.627580133
485,1.868876529
486,1.892706685
487,3.641797045
488,0.128755365
489,0.580542219
490,0.940136129
491,0.00065083
492,12.6617483
493,0.556061233
494,12.76952348
495,13.01049143
496,3.090295816
497,4.448725289
498,5.978771974
499,0
500,1.417453434
501,0.888111339
502,2.461130843
503,17.79762559
504,4.041330079
505,1.997631894
506,13.98898354
507,2.461130843
508,0.899554665
509,0.023830156
510,6.094580966
511,0.128755365
512,7.620038534
513,0
514,14.87933047
515,0.358946038
516,5.383469393
517,9.038980695
518,3.357328064
519,0.915007271
520,4.801771029
521,1.868876529
522,0.00065083
523,12.43147209
524,17.49257311
525,4.462632396
526,5.14777064
527,1.765088348
528,8.523579069
529,28.5365728
530,0
531,2.660192388
532,1.283321961
533,0.382776194
534,10.20494531
535,0
536,11.99365751
537,3.269105492
538,0.88953584
539,8.445399354
540,0.910642793
541,0.332050106
542,72.65937594
543,9.720652777
544,0.580542219
545,7.315795756
546,13.00656192
547,1.776531674
548,3.910688031
549,0
550,2.500360284
551,9.145296625
552,304.084003
553,21.26719078
554,8.435389191
555,2.758216463
556,13.86219998
557,14.21418063
558,0
559,3.075575199
560,0
561,2.677270382
562,0
563,7.743214968
564,0.00065083
565,0.886812637
566,8.398374712
567,14.25485373
568,7.281817922
569,0.023830156
570,0
571,25.47177581
572,0
573,4.581189901
574,0.556061233
575,16.38276483
576,0
577,69.05696676
578,0
579,1.333279074
580,0.00065083
581,8.921207001
582,0.001424501
583,2.400134048
584,0
585,1.433689072
586,6.572794239
587,0.556712063
588,1.892706685
589,3.223136736
590,2.857640166
591,0.962292456
592,5.378103346
593,25.66434774
594,1.868876529
595,12.91107749
596,0.355880262
597,2.461130843
598,0.00065083
599,0.639123593
600,3.850465643
601,0.05202479
602,1.028334886
603,2.046203318
604,8.540288863
605,4.138485906
606,23.59094017
607,6.574073389
608,11.40043499
609,0.979867325
610,0
611,0.00065083
612,0
613,0.00065083
614,12.89218056
615,4.864281324
616,1.460648749
617,0.556061233
618,0.103026581
619,0.886812637
620,0.584906697
621,3.35907501
622,2.444821831
623,0.962292456
624,5.44159488
625,0
626,1.66467835
627,11.17515511
628,11.65848393
629,0.00065083
630,8.875673446
631,0
632,5.12253986
633,0
634,0.001298701
635,4.627580133
636,0.558010764
637,4.471675921
638,4.174677226
639,2.404633826
640,37.69102483
641,0.905822473
642,16.65005983
643,0.00065083
644,2.159185757
645,11.31206317
646,0.962292456
647,8.365793235
648,2.709790011
649,26.57844355
650,26.88962524
651,4.573005886
652,3.171118033
653,2.549329601
654,0.113978445
655,9.720652777
656,0
657,0.024480986
658,0
659,2.077209862
660,1.90506961
661,1.892706685
662,0.037223013
663,0
664,3.325505235
665,24.41403565
666,19.60776636
667,9.538944494
668,0.001298701
669,3.750828931
670,25.66434774
671,12.91107749
672,15.52012456
673,5.133017703
674,2.461130843
675,3.207311114
676,6.75551039
677,4.593362007
678,1.662486244
679,0.556712063
680,0
681,7.426935908
682,0.023830156
683,0
684,13.17880901
685,1.845394398
686,0.330100575
687,1.997631894
688,0
689,10.70367391
690,0.023830156
691,4.35504701
692,0
693,0.00065083
694,0.579891389
695,0.886812637
696,36.63628797
697,3.672882217
698,2.214308799
699,3.679020058
700,2.536712648
701,9.395427721
702,5.491430961
703,3.943318805
704,1.90506961
705,0.00065083
706,0.556061233
707,12.43147209
708,16.84878274
709,2.461130843
710,23.2595409
711,2.189827813
712,0.00065083
713,10.67322333
714,9.531176029
715,9.647084844
716,2.025593225
717,0
718,9.48977735
719,1.90506961
720,4.185902171
721,1.763789647
722,3.585357466
723,2.511268619
724,3.232032914
725,12.43147209
726,1.685566768
727,1.333279074
728,1.980242667
729,2.53531196
730,1.610222127
731,3.763372347
732,10.67322333
733,0.361669241
734,0.531652994
735,19.16368228
736,0.644259991
737,8.07908677
738,24.32582999
739,5.452284464
740,12.37928498
741,0.025779687
742,3.307488918
743,15.92858423
744,5.647438289
745,2.232527408
746,11.40043499
747,4.631338598
748,4.511335469
749,0.025779687
750,1.302241504
751,0.886812637
752,2.370640713
753,1.795490023
754,0.001298701
755,3.641797045
756,8.276893921
757,0.358946038
758,3.233331615
759,0
760,5.789945002
761,6.537373905
762,10.82316477
763,0.976310097
764,1.418104264
765,0
766,4.048095042
767,78.71450832
768,10.79160525
769,3.233331615
770,3.489947616
771,1.662756823
772,3.555220949
773,0.00065083
774,0.00065083
775,13.97002204
776,49.29681632
777,0.00065083
778,1.207728414
779,0
780,0.128755365
781,25.66434774
782,12.91107749
783,7.009984655
784,2.745853538
785,5.208754912
786,11.59896009
787,4.111636591
788,0
789,1.461232876
790,1.830198395
791,2.22743841
792,6.349825257
793,0.888111339
794,0.028845464
795,0.940136129
796,3.352704604
797,10.93974017
798,1.793282982
799,1.90506961
800,32.34558344
801,2.745853538
802,0.00065083
803,0
804,6.92703496
805,2.711281796
806,0.025128857
807,0.00065083
808,3.307488918
809,1.88148174
810,0.356006062
811,0.887460509
812,9.418640708
813,1.868876529
814,4.569710051
815,0.353930731
816,9.373973434
817,0.053974321
818,0
819,3.171118033
820,0.910642793
821,0.330100575
822,4.789960008
823,0.63089318
824,5.727674499
825,3.067329852
826,43.0501423
827,1.624441385
828,12.43147209
829,3.743705962
830,0.915007271
831,5.184530227
832,6.394314724
833,2.461130843
834,7.129232866
835,0
836,2.412897192
837,0.58119009
838,3.08944558
839,0.584255867
840,3.183480958
841,0.128755365
842,4.205851458
843,0
844,2.09024027
845,0.382776194
846,15.43281386
847,0.962292456
848,14.70857999
849,2.797964954
850,14.55432676
851,1.868876529
852,0.028194634
853,32.34558344
854,0.00065083
855,9.401432402
856,2.232527408
857,0.00065083
858,5.900788593
859,23.56278557
860,12.43147209
861,0.001298701
862,10.10317058
863,5.378103346
864,0
865,14.36221125
866,0.023830156
867,4.629004634
868,3.614344431
869,0
870,1.868876529
871,0.128755365
872,2.461130843
873,17.56197067
874,3.613010111
875,7.232836388
876,3.123279772
877,18.40395897
878,3.121569604
879,0.330100575
880,0
881,7.776084776
882,0.00065083
883,6.049988772
884,0
885,1.209027115
886,3.641797045
887,0.556061233
888,4.627580133
889,4.627580133
890,1.868876529
891,0.00065083
892,3.673900853
893,5.401933502
894,3.728710524
895,0
896,0
897,10.42887385
898,0.330100575
899,17.44580839
900,0.00065083
901,2.461130843
902,1.510779583
903,12.20252909
904,0.977083768
905,0.330100575
906,0.030144165
907,0.556061233
908,9.720652777
909,4.582303189
910,3.307488918
911,0.687797147
912,12.43147209
913,12.24318334
914,4.205851458
915,1.44838063
916,0.877627839
917,5.428685079
918,5.381603211
919,0.332050106
920,0.330100575
921,1.868876529
922,0.55806435
923,5.365155944
924,0.332175906
925,3.655777751
926,1.212092892
927,12.43147209
928,10.59749415
929,0.028845464
930,0.784509585
931,11.84078308
932,1.793282982
933,7.421783307
934,1.868876529
935,9.977185419
936,28.60229246
937,0.128755365
938,0
939,3.171118033
940,3.641797045
941,4.224160804
942,0.556061233
943,0.013392857
944,18.73027269
945,0
946,0
947,5.039049024
948,0.688447977
949,5.377989618
950,3.872895112
951,5.978771974
952,0.028194634
953,1.193442307
954,0
955,4.048095042
956,4.060826208
957,0.024480986
958,17.92849657
959,6.695897145
960,0
961,2.461130843
962,4.990330692
963,0.886812637
964,2.462555344
965,6.574073389
966,8.234819254
967,2.405281697
968,0.00065083
969,5.401933502
970,0.580542219
971,3.127350662
972,0.355880262
973,16.54734634
974,13.03552415
975,0.088849588
976,0.557359934
977,1.90506961
978,4.593362007
979,2.609393621
980,12.28763193
981,0.00065083
982,0.128755365
983,3.171118033
984,0
985,0
986,4.627580133
987,0.556061233
988,11.90211517
989,18.28758212
990,10.33465082
991,2.712729775
992,1.868876529
993,2.641077301
994,12.08380868
995,27.04087197
996,0.88953584
997,0
998,15.51948171
999,0
1000,8.30576988
1001,24.34328382
1002,0
1003,0
1004,6.181998617
1005,3.641797045
1006,0.915007271
1007,0.35458156
1008,0
1009,0.558010764
1010,9.720652777
1011,11.92272249
1012,4.010437109
1013,0.128755365
1014,0
1015,0.066109297
1016,0
1017,0.128755365
1018,1.892706685
1019,1.177133294
1020,0.330751405
1021,12.14829718
1022,4.569710051
1023,0.887460509
1024,0.912715166
1025,1.823669722
1026,2.461130843
1027,9.920614885
1028,1.868876529
1029,5.155344765
1030,22.3981487
1031,8.435389191
1032,0.556061233
1033,0.761978265
1034,17.39288786
1035,9.720652777
1036,2.461130843
1037,10.27973738
1038,4.368639603
1039,1.763789647
1040,0.330100575
1041,2.685959855
1042,33.09841044
1043,9.946058144
1044,2.461130843
1045,0.330100575
1046,1.830198395
1047,0.128755365
1048,15.99588244
1049,5.040365249
1050,2.635608893
1051,2.40155855
1052,7.040488277
1053,0
1054,6.429489286
1055,2.37087296
1056,0.87827571
1057,0
1058,2.461130843
1059,5.811165334
1060,2.461130843
1061,3.15552861
1062,16.38279843
1063,2.921594536
1064,0.00065083
1065,51.15395179
1066,36.4156272
1067,1.772034994
1068,0.128755365
1069,10.79095442
1070,1.861532453
1071,2.180502618
1072,0.888111339
1073,1.104250878
1074,37.17681219
1075,0.776109964
1076,1.042378708
1077,0
1078,0.00065083
1079,0.128755365
1080,12.18769298
1081,0.128755365
1082,0.556061233
1083,0.030144165
1084,0.00065083
1085,0.330751405
1086,1.102952177
1087,0.344144262
1088,3.233331615
1089,0
1090,1.892706685
1091,6.507592553
1092,1.868876529
1093,5.919971412
1094,0.580542219
1095,0
1096,3.641797045
1097,0.330751405
1098,3.181306825
1099,12.28763193
1100,49.32720306
1101,4.555522405
1102,0.44021659
1103,5.580490357
1104,0
1105,3.066031151
1106,8.435389191
1107,0.00065083
1108,0.128755365
1109,6.42722132
1110,0.128755365
1111,0.128755365
1112,2.458517172
1113,0.886161808
1114,0.00065083
1115,0.556061233
1116,3.431289231
1117,1.868876529
1118,0.519684639
1119,4.613021637
1120,1.90506961
1121,7.934677439
1122,1.90506961
1123,1.632992908
1124,4.494389598
1125,11.74014775
1126,4.219028662
1127,21.54970523
1128,1.868876529
1129,0.611460055
1130,1.060573946
1131,12.66193134
1132,0.915655143
1133,0.330751405
1134,0
1135,0.00065083
1136,1.534609739
1137,0.876977009
1138,19.9172736
1139,1.892706685
1140,12.23418754
1141,2.461130843
1142,0.557359934
1143,3.172542534
1144,9.080285686
1145,2.461130843
1146,2.263235259
1147,1.892706685
1148,129.9640877
1149,4.017499923
1150,6.300798372
1151,1.90506961
1152,2.859536295
1153,0.074181118
1154,5.823932907
1155,4.341005556
1156,9.82081374
1157,0.128755365
1158,6.356107887
1159,13.01488361
1160,0.025779687
1161,4.608397313
1162,14.39519355
1163,1.842774114
1164,1.656823064
1165,68.7481617
1166,2.803400414
1167,0
1168,3.665627201
1169,16.67610279
1170,0.668740976
1171,3.665627201
1172,10.96076956
1173,0
1174,1.45999792
1175,10.01225977
1176,10.51476017
1177,0.00065083
1178,0.00065083
1179,4.654946108
1180,2.346159727
1181,21.36300595
1182,4.111636591
1183,0.330751405
1184,13.98898354
1185,0.886812637
1186,3.171118033
1187,1.892706685
1188,2.288316309
1189,0.00065083
1190,28.55435644
1191,3.171118033
1192,0.00065083
1193,4.469841124
1194,3.667249863
1195,6.874633893
1196,1.283208232
1197,4.168238829
1198,3.067329852
1199,4.627580133
1200,1.442582291
1201,0.00065083
1202,4.654946108
1203,0.128755365
1204,1.547226692
1205,2.345871106
1206,16.81788598
1207,3.605504587
1208,0.028845464
1209,0
1210,0.00065083
1211,10.67322333
1212,0.001298701
1213,10.67322333
1214,3.385394493
1215,12.42537183
1216,4.875952147
1217,4.036126841
1218,14.43437412
1219,0.00065083
1220,3.236529594
1221,2.636478104
1222,2.218547477
1223,0
1224,0.128755365
1225,7.399256661
1226,4.35306945
1227,0.556061233
1228,0.00065083
1229,4.569710051
1230,3.641797045
1231,14.07176498
1232,19.70657377
1233,2.31668455
1234,3.783321633
1235,0.556712063
1236,2.461130843
1237,5.561652693
1238,0.556712063
1239,1.892706685
1240,0
1241,0.876977009
1242,4.028145756
1243,55.2202228
1244,25.66434774
1245,0.023830156
1246,1.396649576
1247,0.579891389
1248,0
1249,3.696296749
1250,0.330100575
1251,2.370640713
1252,4.830411708
1253,3.964450626
1254,4.260339067
1255,3.183585845
1256,0.128755365
1257,0.356006062
1258,0.331525076
1259,0
1260,18.02753747
1261,0.960993755
1262,0.911941495
1263,4.592955172
1264,0.556061233
1265,1.741258192
1266,10.58891748
1267,2.462555344
1268,6.444534298
1269,12.26603441
1270,24.43325935
1271,5.07300803
1272,0.029493335
1273,0
1274,0.128755365
1275,3.233331615
1276,6.513750919
1277,6.154559134
1278,50.45302193
1279,0
1280,4.293952564
1281,3.486560001
1282,0
1283,4.219042709
1284,28.40200347
1285,2.361778642
1286,0
1287,3.798713994
1288,0.644259991
1289,3.171118033
1290,3.051745044
1291,7.255490647
1292,0.054239752
1293,8.350284529
1294,0.00065083
1295,10.81608327
1296,1.868876529
1297,2.461130843
1298,2.189054141
1299,10.35400296
1300,4.463509312
1301,1.014317246
1302,0.885873187
1303,25.66434774
1304,0
1305,3.389871243
1306,16.53657246
1307,3.859884461
1308,0.00065083
1309,4.048087121
1310,0.682894156
1311,32.34558344
1312,4.593362007
1313,3.753522122
1314,4.735361947
1315,0.00065083
1316,12.91107749
1317,0
1318,0.330100575
1319,3.686275074
1320,1.990689481
1321,34.89646626
1322,0.330751405
1323,1.019973053
1324,0
1325,0.330100575
1326,2.653440226
1327,12.98891578
1328,0.87892654
1329,0.128755365
1330,6.554595
1331,0.128755365
1332,11.07918728
1333,2.387630792
1334,0.358946038
1335,8.834432745
1336,4.498824768
1337,38.4839041
1338,13.07380212
1339,1.868876529
1340,2.38172296
1341,1.892706685
1342,1.126782333
1343,6.87662298
1344,9.708884357
1345,2.549329601
1346,2.556673676
1347,4.627580133
1348,1.529482347
1349,5.561652693
1350,2.839650257
1351,6.115833629
1352,0.556061233
1353,1.90506961
1354,1.762289345
1355,1.382083092
1356,1.418104264
1357,1.632992908
1358,9.699304531
1359,0.128755365
1360,0.397467753
1361,14.86873266
1362,4.160635772
1363,3.171118033
1364,6.554595
1365,0.001298701
1366,7.731811197
1367,17.47272377
1368,2.725904252
1369,11.99868283
1370,2.372948291
1371,0.053974321
1372,4.0043156
1373,0
1374,6.028788727
1375,6.513558886
1376,17.79762559
1377,14.02655817
1378,6.814240203
1379,3.352704604
1380,12.34467732
1381,3.017298819
1382,1.302241504
1383,1.481334817
1384,25.66434774
1385,16.87774137
1386,0.743569966
1387,12.7567072
1388,4.811488448
1389,1.207728414
1390,0.977051542
1391,1.734493228
1392,4.819529203
1393,0
1394,3.753522122
1395,4.254418698
1396,2.461130843
1397,0
1398,8.111597305
1399,0.632191882
1400,61.71441658
1401,9.755117521
1402,3.778191745
1403,9.720652777
1404,0.332175906
1405,2.667726333
1406,0.556712063
1407,0.330100575
1408,40.05476094
1409,0.00065083
1410,25.66434774
1411,2.810111693
1412,0.023830156
1413,1.499356375
1414,6.586512642
1415,1.763789647
1416,0.00065083
1417,0
1418,0.025128857
1419,0
1420,5.133017703
1421,4.091874639
1422,2.702074096
1423,0.886161808
1424,4.833115013
1425,9.722077279
1426,10.91731166
1427,4.048095042
1428,4.518774054
1429,21.62645954
1430,0.00065083
1431,0.960993755
1432,1.670215922
1433,3.172542534
1434,2.370640713
1435,4.391818929
1436,0.331399276
1437,0
1438,0.024480986
1439,15.419421
1440,0.960993755
1441,23.2595409
1442,9.835152489
1443,0.042238321
1444,9.647084844
1445,11.84078308
1446,0.332175906
1447,58.6262901
1448,44.17952955
1449,1.624441385
1450,13.77836262
1451,4.09800487
1452,1.90506961
1453,3.370697107
1454,3.194948189
1455,0
1456,2.362368031
1457,0
1458,2.461130843
1459,1.90506961
1460,0.35458156
1461,6.293892382
1462,0
1463,4.74056371
1464,4.101334202
1465,14.54324597
1466,9.544284956
1467,0
1468,2.653440226
1469,13.53876021
1470,1.892706685
1471,1.868876529
1472,3.600300744
1473,0
1474,5.208754912
1475,5.196841918
1476,0.00065083
1477,0.00065083
1478,0.014043687
1479,13.75938954
1480,12.38399513
1481,25.66434774
1482,1.207728414
1483,0.910642793
1484,25.66434774
1485,3.075575199
1486,25.66434774
1487,1.632992908
1488,5.378103346
1489,4.923098392
1490,4.843511375
1491,15.89415934
1492,7.251932685
1493,0.99048709
1494,0.088849588
1495,0.128755365
1496,2.461130843
1497,1.302892334
1498,0
1499,56.49863386
1500,14.38777919
1501,3.641797045
1502,0
1503,0
1504,28.40200347
1505,328.5271647
1506,14.92521921
1507,51.15395179
1508,1.868876529
1509,2.462555344
1510,0.623428411
1511,3.170599008
1512,7.809764356
1513,1.014317246
1514,1.391091092
1515,0.382125365
1516,1.90506961
1517,0.887460509
1518,12.91107749
1519,20.42698798
1520,0.987547114
1521,2.461130843
1522,0
1523,0.887586309
1524,22.40576518
1525,3.271703976
1526,0.914356442
1527,25.66434774
1528,2.985472643
1529,3.34162585
1530,1.835752766
1531,0
1532,0.330751405
1533,0.001298701
1534,0.023830156
1535,11.13154014
1536,1.658247566
1537,0.024480986
1538,1.864512051
1539,1.892706685
1540,4.627580133
1541,6.096750901
1542,14.11099808
1543,2.834044375
1544,0.128755365
1545,6.173683888
1546,0.00065083
1547,4.086478468
1548,8.162662068
1549,11.44625352
1550,16.54734634
1551,1.892706685
1552,0.333474607
1553,1.681739636
1554,13.15710909
1555,14.54244399
1556,5.176184617
1557,7.067419299
1558,0
1559,0.00065083
1560,0.024480986
1561,1.881239454
1562,6.18361452
1563,0.914356442
1564,3.359461647
1565,0.330751405
1566,6.244129752
1567,25.66434774
1568,2.966287225
1569,0.330751405
1570,0
1571,3.194948189
1572,0.00065083
1573,8.204219484
1574,3.388434999
1575,0.028194634
1576,0
1577,0.128755365
1578,0
1579,5.511724932
1580,0
1581,0.00065083
1582,3.641797045
1583,5.102590573
1584,0.023830156
1585,5.073589522
1586,5.480726986
1587,1.014317246
1588,13.73773946
1589,1.498057674
1590,3.68861573
1591,33.11024474
1592,0.025128857
1593,0.915655143
1594,25.66434774
1595,2.295046501
1596,3.182424542
1597,7.702588177
1598,15.51948171
1599,11.80441887
1600,4.00290317
1601,11.05869664
1602,1.868876529
1603,0.00065083
1604,0.876977009
1605,0.330100575
1606,3.793759087
1607,5.189915842
1608,1.860252268
1609,15.03703121
1610,0.00065083
1611,0
1612,10.90302846
1613,18.32249768
1614,0
1615,0.472273653
1616,4.168238829
1617,4.16668054
1618,0.025779687
1619,4.569710051
1620,25.66434774
1621,10.5996554
1622,0.960342925
1623,2.461130843
1624,11.12105499
1625,0.128755365
1626,0.330751405
1627,21.21755102
1628,0.556712063
1629,1.382025801
1630,0
1631,13.08142035
1632,0.025128857
1633,0
1634,2.641077301
1635,5.399446807
1636,3.18732025
1637,2.461130843
1638,2.867178146
1639,6.211300913
1640,3.16672615
1641,4.294635023
1642,6.330880194
1643,4.627580133
1644,6.507592553
1645,19.61288705
1646,0.939485299
1647,12.16647533
1648,1.865936552
1649,2.641077301
1650,0.024480986
1651,2.212884297
1652,300.4407814
1653,2.765666486
1654,1.90506961
1655,3.171118033
1656,1.868876529
1657,0
1658,1.868876529
1659,10.07844824
1660,13.00591109
1661,12.75827271
1662,0.851116281
1663,9.53260053
1664,0
1665,2.261697488
1666,0
1667,1.663379649
1668,18.5645184
1669,0
1670,12.43147209
1671,0.00065083
1672,10.60386849
1673,16.43981721
1674,0.418325379
1675,3.32450997
1676,4.221285679
1677,0.556712063
1678,4.513631752
1679,19.60718263
1680,4.163705861
1681,0.00065083
1682,4.018601707
1683,0.023830156
1684,0.00065083
1685,2.555261247
1686,7.053973973
1687,0
1688,4.490986256
1689,1.868876529
1690,14.8709751
1691,0.556061233
1692,12.74384214
1693,0.00065083
1694,25.66434774
1695,0.35458156
1696,3.16380229
1697,0
1698,4.715942903
1699,5.508092962
1700,1.81457948
1701,32.34558344
1702,4.642442853
1703,12.56571261
1704,0.556061233
1705,2.88478898
1706,3.671095657
1707,6.861931422
1708,0.888111339
1709,9.720652777
1710,27.69211986
1711,1.868876529
1712,5.113121865
1713,0.128755365
1714,7.643509498
1715,7.982029302
1716,0.556712063
1717,0.00065083
1718,2.253423341
1719,2.515180457
1720,10.10317058
1721,0.556061233
1722,5.474433919
1723,1.881239454
1724,18.21949583
1725,1.636763413
1726,0
1727,0.330100575
1728,0.128755365
1729,1.868876529
1730,0.00065083
1731,2.759863258
1732,0.00065083
1733,0
1734,1.90506961
1735,22.2889163
1736,0.023830156
1737,0.00065083
1738,0.99048709
1739,0.00065083
1740,0.330100575
1741,0.609384724
1742,5.332296441
1743,0.128755365
1744,6.489628949
1745,12.91107749
1746,3.760412886
1747,12.53012009
1748,4.16990651
1749,3.236529594
1750,2.942254231
1751,0.356006062
1752,2.461130843
1753,8.69468429
1754,54.97746165
1755,1.333469899
1756,0.00065083
1757,1.892706685
1758,4.520198556
1759,3.352704604
1760,47.03177085
1761,9.401432402
1762,0
1763,11.90211517
1764,0
1765,59.70857378
1766,23.2595409
1767,11.97270969
1768,1.192917277
1769,2.214308799
1770,2.318876657
1771,0.00065083
1772,8.736413467
1773,0.330751405
1774,22.12863757
1775,25.66434774
1776,1.371520718
1777,8.07076826
1778,17.83422485
1779,1.943057646
1780,0.888111339
1781,2.37164959
1782,2.461130843
1783,4.325753191
1784,6.523377131
1785,0.887460509
1786,9.647084844
1787,5.379527848
1788,0.025779687
1789,10.39667618
1790,0.330100575
1791,2.461130843
1792,3.641797045
1793,0.00065083
1794,0.584255867
1795,20.55699631
1796,9.226275299
1797,2.461130843
1798,1.632992908
1799,0
1800,18.23500484
1801,0.330751405
1802,2.461130843
1803,6.715937277
1804,7.235531194
1805,13.2557115
1806,23.02892172
1807,3.611464243
1808,1.632992908
1809,0.404932522
1810,25.66434774
1811,3.229709727
1812,1.868876529
1813,3.739808319
1814,25.66434774
1815,14.06094511
1816,0.888237139
1817,0.025128857
1818,9.609004149
1819,0.00065083
1820,0.00065083
1821,11.5513837
1822,0.397467753
1823,5.260803033
1824,0
1825,6.529349221
1826,0.876977009
1827,5.378103346
1828,9.720652777
1829,0.877627839
1830,3.683964464
1831,13.77836262
1832,0
1833,25.66434774
1834,0
1835,2.562789325
1836,6.951104295
1837,0.916305973
1838,2.189054141
1839,0.097987459
1840,1.74950354
1841,9.751039518
1842,25.66434774
1843,16.46957269
1844,1.632992908
1845,0.03103757
1846,0.023830156
1847,4.010437109
1848,3.171118033
1849,13.77836262
1850,0.579891389
1851,25.66434774
1852,1.207077584
1853,0.00065083
1854,6.121178749
1855,7.004185908
1856,6.318895678
1857,0
1858,11.7431838
1859,21.36443045
1860,2.521704312
1861,0.024480986
1862,2.556673676
1863,8.754118236
1864,0.330100575
1865,0.330100575
1866,0.357304763
1867,0.404932522
1868,6.713454793
1869,8.667658538
1870,11.65761821
1871,2.549329601
1872,13.75034312
1873,145.6586291
1874,0.911941495
1875,34.73451844
1876,13.93229349
1877,0
1878,3.729995803
1879,0.331525076
1880,4.627580133
1881,1.19814578
1882,0.599598255
1883,2.461130843
1884,0.556061233
1885,9.53260053
1886,0.330751405
1887,1.632992908
1888,1.993268368
1889,4.205851458
1890,0
1891,0.330751405
1892,19.61288705
1893,0.332050106
1894,0.965826597
1895,0
1896,0.556712063
1897,0.330100575
1898,38.11515198
1899,6.73014333
1900,0
1901,16.26601143
1902,3.079424008
1903,5.885322637
1904,0
1905,5.127163319
1906,4.627580133
1907,1.183898258
1908,0
1909,0.001949531
1910,14.54324597
1911,3.245276295
1912,10.67322333
1913,0.332175906
1914,5.477389507
1915,0
1916,3.778191745
1917,15.86440998
1918,11.27211901
1919,4.481599558
1920,1.658247566
1921,0.053974321
1922,0.00065083
1923,1.81457948
1924,0.00065083
1925,2.611583966
1926,3.763372347
1927,5.549801146
1928,1.868876529
1929,23.2608396
1930,14.54324597
1931,13.99089157
1932,5.401933502
1933,23.58964147
1934,0
1935,3.246723652
1936,40.20599539
1937,19.23686232
1938,0.025779687
1939,12.43147209
1940,0.00065083
1941,1.966887802
1942,4.593362007
1943,13.03133091
1944,4.085179767
1945,2.98132135
1946,0.331525076
1947,2.491517583
1948,17.66887023
1949,1.90506961
1950,2.412897192
1951,7.309515215
1952,5.561652693
1953,5.401933502
1954,7.979794574
1955,0
1956,0
1957,1.682387507
1958,0.00065083
1959,3.611207848
1960,6.037601431
1961,0.023830156
1962,0.330751405
1963,10.21692554
1964,1.90506961
1965,0
1966,0.332050106
1967,0.001424501
1968,1.551684769
1969,6.709994059
1970,14.47309329
1971,5.666271487
1972,4.092526429
1973,0.853797683
1974,1.868876529
1975,1.551684769
1976,0
1977,4.95204092
1978,5.170573918
1979,4.360565968
1980,7.129232866
1981,58.06442252
1982,25.66434774
1983,2.369989883
1984,4.537111318
1985,6.964724805
1986,22.63507385
1987,5.453583165
1988,2.549329601
1989,1.332628244
1990,0.00065083
1991,0.00065083
1992,0
1993,57.35730286
1994,0.024480986
1995,1.207077584
1996,0.703138492
1997,1.656823064
1998,0.074181118
1999,6.517221243
2000,3.636414901
2001,0
2002,0
2003,0.00065083
2004,3.288515418
2005,1.283208232
2006,0.353930731
2007,0.355880262
2008,16.02602263
2009,9.70887903
2010,4.964783444
2011,0.886161808
2012,0
2013,1.882783723
2014,13.06925546
2015,0.00065083
2016,1.740607362
2017,14.90529921
2018,2.035134965
2019,3.223136736
2020,0
2021,16.99670304
2022,0.128755365
2023,0.986122612
2024,1.90506961
2025,0.713327566
2026,5.208754912
2027,2.461130843
2028,8.61446998
2029,12.58105291
2030,0
2031,15.98817727
2032,2.461130843
2033,0.404281692
2034,312.0376886
2035,0
2036,0
2037,0.103026581
2038,0.330100575
2039,7.728471132
2040,0.580542219
2041,0.00065083
2042,4.820295814
2043,0
2044,1.741594548
2045,10.49097365
2046,0.910642793
2047,0.05267562
2048,6.92716076
2049,0.023830156
2050,0
2051,7.58125942
2052,2.281366814
2053,0.37073844
2054,25.66434774
2055,0.330751405
2056,9.720652777
2057,0.00065083
2058,3.605504587
2059,0
2060,8.549574543
2061,2.206506907
2062,12.20108078
2063,0
2064,13.36402101
2065,7.881497402
2066,3.194948189
2067,0.00065083
2068,1.52188783
2069,0.556061233
2070,0
2071,0.876196569
2072,12.08380868
2073,0
2074,13.98898354
2075,28.04493252
2076,35.41821653
2077,6.089002554
2078,0.001298701
2079,2.53531196
2080,2.461130843
2081,0.332175906
2082,7.776745481
2083,0.028845464
2084,0.098662103
2085,2.76412521
2086,0
2087,0.772851602
2088,7.949026695
2089,14.98407842
2090,1.90506961
2091,0.330751405
2092,32.34558344
2093,0.886161808
2094,9.653950534
2095,2.834052296
2096,1.663379649
2097,1.818943958
2098,5.073589522
2099,9.617202659
2100,3.964450626
2101,6.042301109
2102,0.128755365
2103,0.886812637
2104,6.552175682
2105,4.714660408
2106,0.887586309
2107,4.191046326
2108,0
2109,3.986325691
2110,3.283031747
2111,0.886812637
2112,1.90506961
2113,1.990988175
2114,1.90506961
2115,2.212884297
2116,0.00065083
2117,1.102952177
2118,2.53531196
2119,1.882783723
2120,5.801677845
2121,10.5996554
2122,0
2123,3.352704604
2124,2.759246395
2125,0.584906697
2126,0
2127,1.892706685
2128,2.461130843
2129,0
2130,0.028194634
2131,1.843547786
2132,3.330762963
2133,0.128755365
2134,6.87830215
2135,0
2136,0.023830156
2137,1.331882576
2138,0.00065083
2139,0
2140,1.419402965
2141,0.898981634
2142,0.938186598
2143,7.926453896
2144,16.34224183
2145,0.556712063
2146,10.67419838
2147,3.171118033
2148,0.00065083
2149,0
2150,7.561345738
2151,6.06373857
2152,3.641797045
2153,1.019847253
2154,11.9339026
2155,1.958499788
2156,8.162662068
2157,0
2158,0
2159,2.461130843
2160,2.180502618
2161,3.171118033
2162,1.765088348
2163,2.437300687
2164,0
2165,7.142926271
2166,1.837702297
2167,0.851589783
2168,14.27872792
2169,0
2170,0
2171,5.367761366
2172,9.377602246
2173,7.561345738
2174,5.853016663
2175,4.754829903
2176,2.549329601
2177,0.00065083
2178,0.585554568
2179,0.881341487
2180,2.461130843
2181,19.6254931
2182,0
2183,13.68327827
2184,0.00065083
2185,12.43147209
2186,323.4301556
2187,0.05267562
2188,0.00065083
2189,25.66434774
2190,4.185902171
2191,6.212599614
2192,23.2595409
2193,5.392890223
2194,7.561345738
2195,0.028194634
2196,4.715942903
2197,4.498824768
2198,0.911941495
2199,59.51645558
2200,5.561652693
2201,13.06080285
2202,3.641797045
2203,2.461130843
2204,6.604110774
2205,2.070272569
2206,8.593061189
2207,4.829604477
2208,1.868876529
2209,4.092716195
2210,25.66434774
2211,2.461130843
2212,0.00065083
2213,7.095622931
2214,2.232527408
2215,11.47875156
2216,0.128755365
2217,2.598211728
2218,21.69033308
2219,0.128755365
2220,16.44855877
2221,0.001949531
2222,1.433038242
2223,4.112455723
2224,32.34558344
2225,0.908014579
2226,4.655185606
2227,0.358295209
2228,2.370225089
2229,8.188695163
2230,1.90506961
2231,1.409858916
2232,12.91107749
2233,1.63441741
2234,9.480872321
2235,0.910642793
2236,9.720652777
2237,5.643270874
2238,1.632992908
2239,0.383424066
2240,0
2241,4.00290317
2242,3.295534132
2243,0.128755365
2244,0.579891389
2245,1.90506961
2246,9.720652777
2247,5.293775582
2248,2.369574259
2249,0.330751405
2250,6.507592553
2251,0.028194634
2252,0
2253,0.00065083
2254,1.390440262
2255,1.632992908
2256,11.81695292
2257,9.940014805
2258,0.023830156
2259,0
2260,1.283969832
2261,0
2262,3.402382683
2263,0.074181118
2264,0.024480986
2265,3.334293517
2266,0.353930731
2267,0.024480986
2268,29.24204057
2269,7.309515215
2270,2.611583966
2271,6.658380541
2272,0.00065083
2273,22.3981487
2274,0.001298701
2275,0
2276,3.426673766
2277,10.50353523
2278,5.038964561
2279,1.460648749
2280,43.56256811
2281,0.86719054
2282,1.96828849
2283,16.5809619
2284,0
2285,16.84878274
2286,3.207311114
2287,0.331525076
2288,1.014317246
2289,3.84172088
2290,1.014317246
2291,0
2292,2.370640713
2293,0.917730474
2294,0.028845464
2295,0.128755365
2296,3.232032914
2297,1.868876529
2298,0.024480986
2299,0
2300,0.556061233
2301,9.720652777
2302,7.309515215
2303,14.00660889
2304,0
2305,1.283208232
2306,0.05202479
2307,5.399913973
2308,10.60386849
2309,0.911941495
2310,3.088997115
2311,12.7830684
2312,11.90211517
2313,6.154559134
2314,32.34558344
2315,7.623271474
2316,0.128755365
2317,8.419020091
2318,0.330751405
2319,0.984823911
2320,0.854445554
2321,5.727674499
2322,0.886812637
2323,0.024480986
2324,5.370121614
2325,2.773256115
2326,0.128755365
2327,10.79237892
2328,1.868876529
2329,1.868876529
2330,2.461130843
2331,0.001298701
2332,0.332175906
2333,0.556061233
2334,7.949777993
2335,4.893562865
2336,3.641797045
2337,5.992172128
2338,0.128755365
2339,0.001424501
2340,4.511986298
2341,3.223136736
2342,3.803646432
2343,6.499019042
2344,10.51638283
2345,0.00065083
2346,6.029474122
2347,18.30189385
2348,2.461130843
2349,8.388246158
2350,0
2351,0
2352,5.213823878
2353,1.882132893
2354,0.001949531
2355,0.023830156
2356,3.665627201
2357,18.33580739
2358,0.886161808
2359,0.330100575
2360,9.920614885
2361,8.796151867
2362,1.213391593
2363,70.16089956
2364,0.333474607
2365,0
2366,13.7724697
2367,1.773333696
2368,0
2369,0
2370,56.97318156
2371,1.722490368
2372,0
2373,0.128755365
2374,0.356006062
2375,11.99998153
2376,1.632992908
2377,27.69211986
2378,8.435389191
2379,6.553974695
2380,1.980242667
2381,11.81695292
2382,0.330100575
2383,45.64152165
2384,1.868876529
2385,54.12509219
2386,24.31575876
2387,0
2388,14.58969101
2389,0
2390,0.975011395
2391,22.13821174
2392,1.656823064
2393,36.51066631
2394,0.877627839
2395,1.73902004
2396,4.864281324
2397,0
2398,13.37794238
2399,2.961379984
2400,1.433689072
2401,5.481540198
2402,8.111597305
2403,2.461130843
2404,0.557359934
2405,0
2406,16.75256499
2407,18.60300667
2408,1.63441741
2409,0.028194634
2410,4.654946108
2411,0.05267562
2412,1.868876529
2413,0.00065083
2414,3.675719117
2415,11.81695292
2416,1.90506961
2417,31.21486404
2418,5.386770441
2419,2.558159738
2420,6.255080355
2421,4.593362007
2422,3.233331615
2423,9.646495474
2424,1.90506961
2425,0.023830156
2426,3.283682577
2427,0
2428,0.025779687
2429,2.37653906
2430,0.330100575
2431,2.437300687
2432,2.59925509
2433,0.128755365
2434,2.352799519
2435,24.17578443
2436,0.556061233
2437,1.868876529
2438,11.46728198
2439,0.406231223
2440,0
2441,0
2442,1.632992908
2443,2.867828976
2444,6.902094248
2445,3.194948189
2446,2.461130843
2447,3.233331615
2448,1.302892334
2449,3.194948189
2450,1.229082209
2451,0
2452,12.98208093
2453,1.283208232
2454,2.444821831
2455,2.957616994
2456,2.38172296
2457,5.075014024
2458,2.834044375
2459,0
2460,0
2461,5.403232204
2462,0.42941055
2463,1.868876529
2464,21.36912965
2465,24.98637275
2466,0
2467,3.171118033
2468,13.28660988
2469,7.47430827
2470,4.891035052
2471,10.59906603
2472,33.08767954
2473,21.7827698
2474,2.351769453
2475,0.556061233
2476,1.868876529
2477,17.63079028
2478,3.172542534
2479,1.868876529
2480,0.00065083
2481,0.473233925
2482,0.953221386
2483,10.77618219
2484,16.8847426
2485,0.915007271
2486,7.811356045
2487,0.556712063
2488,0.886812637
2489,12.46100913
2490,0.024480986
2491,5.283063606
2492,8.085295863
2493,6.295650358
2494,3.562936864
2495,0.556061233
2496,1.685017698
2497,14.54386849
2498,1.868876529
2499,2.622783123
2500,5.392187853
2501,2.044253786
2502,8.2149901
2503,10.59471793
2504,0.00065083
2505,0.330751405
2506,2.189054141
2507,0
2508,14.46685045
2509,11.81695292
2510,8.111597305
2511,0
2512,0
2513,2.406492382
2514,1.932271573
2515,11.92414699
2516,2.461130843
2517,4.721087058
2518,3.172542534
2519,3.506587079
2520,6.065900494
2521,4.506197485
2522,0.00065083
2523,4.667112475
2524,8.644553612
2525,0.00065083
2526,25.66434774
2527,0.128755365
2528,4.61567272
2529,6.87539649
2530,8.218153118
2531,0.00065083
2532,13.48251024
2533,1.90506961
2534,0.128755365
2535,0.00065083
2536,14.54324597
2537,18.52693806
2538,2.081497916
2539,6.806884515
2540,7.183011082
2541,0.128755365
2542,1.868876529
2543,13.33403428
2544,5.88911777
2545,30.43053202
2546,0.914356442
2547,1.306501287
2548,1.765088348
2549,0.330751405
2550,19.40533346
2551,0.330751405
2552,9.493108857
2553,2.761287759
2554,2.536736462
2555,7.680182523
2556,13.77836262
2557,12.81089454
2558,23.29881338
2559,0.00065083
2560,7.646093931
2561,0.556712063
2562,0.028194634
2563,0
2564,12.25237684
2565,0.001298701
2566,0.579891389
2567,0.911290665
2568,2.461130843
2569,1.790098494
2570,10.79095442
2571,4.219210347
2572,24.80900841
2573,1.90506961
2574,2.660192388
2575,8.595632482
2576,15.58524585
2577,11.51247079
2578,1.302241504
2579,0.00065083
2580,9.659952559
2581,0
2582,11.1292658
2583,1.814636777
2584,15.17227551
2585,0.330751405
2586,1.000140252
2587,0
2588,1.90506961
2589,2.713380605
2590,12.09462042
2591,1.229082209
2592,15.94915373
2593,0
2594,0.128755365
2595,18.33580739
2596,0.358946038
2597,3.261477554
2598,2.461130843
2599,4.627580133
2600,0.58184092
2601,82.34435953
2602,0.916431773
2603,0.00065083
2604,5.518615343
2605,0.962292456
2606,0.023830156
2607,12.85002665
2608,0.00065083
2609,20.77118794
2610,10.79568092
2611,17.17729209
2612,0.442780318
2613,3.665627201
2614,1.65836258
2615,0.330100575
2616,0.00065083
2617,0.579891389
2618,25.66434774
2619,4.205851458
2620,11.56589193
2621,1.868876529
2622,5.711703785
2623,9.20841535
2624,0.00065083
2625,1.868876529
2626,7.067419299
2627,4.176484177
2628,12.73765415
2629,3.413701399
2630,0
2631,6.579252208
2632,0.128755365
2633,0.56945409
2634,83.94660623
2635,4.606279281
2636,22.29194702
2637,1.868876529
2638,9.722077279
2639,25.66434774
2640,9.007876432
2641,12.89218056
2642,0.430061379
2643,19.74481462
2644,3.667051703
2645,6.574073389
2646,10.77618219
2647,5.70761662
2648,17.72195319
2649,0.00065083
2650,3.665627201
2651,0.385499397
2652,21.47102212
2653,3.869149759
2654,1.103116871
2655,0.63024235
2656,3.851571105
2657,0
2658,5.546391925
2659,1.854711607
2660,7.759383862
2661,21.48960592
2662,0.023830156
2663,2.247635516
2664,1.013018545
2665,5.44159488
2666,0.876977009
2667,25.66434774
2668,0.001298701
2669,4.862977947
2670,4.631338598
2671,0.887586309
2672,0
2673,2.76546914
2674,0
2675,0
2676,3.973906004
2677,15.12598055
2678,4.730762301
2679,1.207728414
2680,0.698234312
2681,0.35458156
2682,22.38539328
2683,7.101601797
2684,0
2685,0.030144165
2686,3.641797045
2687,3.328131289
2688,0
2689,10.67322333
2690,15.32795204
2691,3.798713994
2692,8.270003157
2693,289.7589106
2694,0
2695,0
2696,4.293986426
2697,0.330100575
2698,1.853287106
2699,25.66434774
2700,0.384074896
2701,7.12123635
2702,6.000917493
2703,6.480176906
2704,1.192143605
2705,2.38472522
2706,17.72978234
2707,9.953155986
2708,0.332175906
2709,3.763372347
2710,2.461130843
2711,13.3520418
2712,0.58184092
2713,0.687797147
2714,2.344036114
2715,17.6887673
2716,1.892706685
2717,3.352704604
2718,0.330751405
2719,1.868876529
2720,0.888111339
2721,0.024480986
2722,1.238115154
2723,0.962418256
2724,0.579891389
2725,9.288100472
2726,1.923093425
2727,0
2728,0
2729,25.66434774
2730,0.888111339
2731,150.7597226
2732,0.024480986
2733,0.355880262
2734,11.64426772
2735,0.891020696
2736,5.113230142
2737,4.726869876
2738,3.299381113
2739,2.461130843
2740,3.233331615
2741,4.219244315
2742,10.47681331
2743,2.817234358
2744,32.34558344
2745,16.91661311
2746,0.074831947
2747,2.773256115
2748,0
2749,0
2750,9.170929137
2751,2.461130843
2752,5.377989618
2753,27.189028
2754,1.868876529
2755,4.124444452
2756,0.013392857
2757,0.128755365
2758,0
2759,2.362368031
2760,1.923093425
2761,0.353930731
2762,3.307512733
2763,4.569710051
2764,13.67510712
2765,12.64835545
2766,2.865333812
2767,0
2768,12.21685048
2769,0
2770,0.911290665
2771,30.9084182
2772,7.450745546
2773,21.25041612
2774,1.980972309
2775,5.378103346
2776,1.765088348
2777,7.494516109
2778,0.332175906
2779,1.90506961
2780,0.888111339
2781,1.90506961
2782,0.876977009
2783,12.93927213
2784,16.44855877
2785,0.953221386
2786,0
2787,2.437049462
2788,11.81695292
2789,0.58119009
2790,8.435389191
2791,4.002036299
2792,39.10316699
2793,6.037601431
2794,0.024480986
2795,12.89701976
2796,0.886161808
2797,0.331525076
2798,3.171118033
2799,4.488387469
2800,8.859272189
2801,7.309515215
2802,6.780494292
2803,1.868876529
2804,13.7724697
2805,0
2806,0.00065083
2807,0
2808,5.167096448
2809,33.11471267
2810,1.773333696
2811,1.624441385
2812,1.292878082
2813,10.53389786
2814,1.771237095
2815,25.66434774
2816,0
2817,4.528921437
2818,7.535072716
2819,0
2820,7.548465573
2821,0.916305973
2822,4.52181056
2823,9.401432402
2824,1.308669199
2825,0.442847185
2826,36.42430672
2827,1.656823064
2828,2.244569739
2829,0.36037054
2830,0
2831,17.51764447
2832,59.30177948
2833,0.905822473
2834,5.379527848
2835,0.917730474
2836,18.4340515
2837,35.97213051
2838,4.598672289
2839,0
2840,0.886161808
2841,0.00065083
2842,11.11793048
2843,0.128755365
2844,0.984800097
2845,1.018548552
2846,0
2847,45.34140732
2848,0
2849,2.712729775
2850,0.330100575
2851,6.269632938
2852,25.66434774
2853,0
2854,40.20599539
2855,0.962292456
2856,3.352704604
2857,8.014400436
2858,11.81695292
2859,4.975560273
2860,3.19637269
2861,12.64711398
2862,0.330751405
2863,0.772200772
2864,0.001298701
2865,15.30030831
2866,0
2867,25.66434774
2868,0.00065083
2869,2.461130843
2870,1.868876529
2871,4.116344513
2872,4.149686657
2873,1.66480415
2874,0.00065083
2875,8.901970668
2876,1.10249219
2877,12.66050684
2878,0.915007271
2879,0
2880,5.328770137
2881,3.171118033
2882,5.452284464
2883,3.432672458
2884,0.910642793
2885,1.102952177
2886,3.577121418
2887,0.887586309
2888,0.58184092
2889,0
2890,5.943491572
2891,9.405806657
2892,17.9677691
2893,0.330100575
2894,0.410245814
2895,5.717428177
2896,9.047099467
2897,0
2898,4.156361977
2899,2.745853538
2900,0.910642793
2901,3.672850125
2902,1.676772506
2903,0
2904,13.06802749
2905,25.66434774
2906,3.715138696
2907,0.128755365
2908,7.309515215
2909,8.231416697
2910,0
2911,0.00065083
2912,0.112028914
2913,0.330100575
2914,39.60455421
2915,6.932533183
2916,0
2917,17.57872732
2918,0
2919,6.876528424
2920,28.97327907
2921,6.429489286
2922,1.492285381
2923,3.171118033
2924,1.997631894
2925,0.00065083
2926,0.00065083
2927,0
2928,0.00065083
2929,0
2930,7.000705766
2931,0.915007271
2932,3.739808319
2933,0.556061233
2934,0
2935,0.912067295
2936,2.296379974
2937,5.546391925
2938,5.643920073
2939,1.90506961
2940,24.32582999
2941,0.128755365
2942,3.641797045
2943,9.405806657
2944,10.67322333
2945,4.587333647
2946,5.054406703
2947,2.536736462
2948,5.052982202
2949,0
2950,2.692530047
2951,32.34558344
2952,0.128755365
2953,0.00065083
2954,0.740472767
2955,0
2956,7.420358806
2957,7.782858826
2958,0
2959,0.579891389
2960,4.658119382
2961,0.962292456
2962,0.00065083
2963,0
2964,0
2965,0.00065083
2966,7.694219652
2967,0.330751405
2968,3.981804742
2969,2.159185757
2970,3.536961018
2971,5.595650419
2972,0
2973,3.171118033
2974,15.10648234
2975,0
2976,1.793282982
2977,7.309515215
2978,7.798774347
2979,6.29849397
2980,0.332050106
2981,3.352704604
2982,2.339555541
2983,49.32720306
2984,3.194948189
2985,0.330100575
2986,0
2987,6.76842988
2988,0.330751405
2989,14.44137625
2990,9.563614117
2991,0.001298701
2992,9.720652777
2993,0.00065083
2994,3.307488918
2995,0.962292456
2996,2.487054495
2997,17.73199564
2998,0.088198758
2999,0.088849588
3000,0.49248045
3001,0.00065083
3002,0
3003,5.401933502
3004,8.555622504
3005,11.74014775
3006,0.00065083
3007,0
3008,10.88658844
3009,0.128755365
3010,1.791984281
3011,0.962292456
3012,2.461130843
3013,4.864281324
3014,4.818997113
3015,3.233331615
3016,2.6397786
3017,0.00065083
3018,12.43147209
3019,0
3020,20.69402579
3021,1.868876529
3022,12.93844821
3023,0.00065083
3024,1.868876529
3025,0.00065083
3026,0
3027,1.90506961
3028,0.00065083
3029,2.311641943
3030,15.3750456
3031,5.057196048
3032,22.346302
3033,0
3034,8.435389191
3035,25.66434774
3036,4.593362007
3037,13.2296796
3038,4.228527826
3039,0
3040,40.20599539
3041,4.158403458
3042,2.936731364
3043,1.868876529
3044,4.481599558
3045,0.330100575
3046,3.664538408
3047,0.128755365
3048,6.806884515
3049,14.0560496
3050,2.226968804
3051,0.911941495
3052,2.449186308
3053,72.266475
3054,45.39221252
3055,0.00065083
3056,0.909991964
3057,0.330751405
3058,15.52578141
3059,0.024480986
3060,40.20599539
3061,2.232527408
3062,13.42435267
3063,12.7567072
3064,0
3065,0.986248412
3066,9.606813942
3067,0.00065083
3068,3.964450626
3069,0.579891389
3070,0.355880262
3071,25.66434774
3072,0.670039678
3073,6.881039367
3074,1.935038927
3075,2.446120532
3076,19.90033457
3077,3.894185291
3078,3.778191745
3079,10.67322333
3080,0
3081,0.988537559
3082,2.53531196
3083,0
3084,15.090915
3085,2.178312273
3086,6.857252621
3087,33.52703155
3088,3.930146554
3089,1.624441385
3090,3.314277696
3091,0.001298701
3092,0.00065083
3093,9.720652777
3094,25.66434774
3095,8.667658538
3096,0.00065083
3097,0.88953584
3098,6.891703763
3099,0
3100,0.330751405
3101,7.614276893
3102,5.113230142
3103,3.261477554
3104,3.161267808
3105,0.028845464
3106,1.632992908
3107,10.67322333
3108,2.611583966
3109,5.35375138
3110,0.876977009
3111,2.385542169
3112,0.58119009
3113,13.11311424
3114,9.720652777
3115,2.220739583
3116,0.556061233
3117,5.178900044
3118,10.63283073
3119,0.333474607
3120,0
3121,2.999971935
3122,7.309515215
3123,20.73024942
3124,0.00065083
3125,0.853797683
3126,0.128755365
3127,6.019152295
3128,4.864281324
3129,0.35458156
3130,0.128755365
3131,0.404281692
3132,7.558196869
3133,3.261520969
3134,3.273653507
3135,4.01692081
3136,4.725685346
3137,2.461130843
3138,23.93595102
3139,3.641797045
3140,0.00065083
3141,1.90506961
3142,0
3143,1.980242667
3144,0
3145,0.330751405
3146,0.028845464
3147,26.97279795
3148,6.574073389
3149,0.013392857
3150,6.864654625
3151,13.7724697
3152,5.503074731
3153,0.831817157
3154,12.85002665
3155,0.053974321
3156,0.332050106
3157,60.39849087
3158,1.906494111
3159,0
3160,6.00817017
3161,2.069120614
3162,0
3163,10.10317058
3164,0.430811237
3165,0.556712063
3166,1.792632152
3167,1.340115347
3168,2.609393621
3169,1.304316835
3170,1.328912835
3171,7.330133771
3172,3.171118033
3173,4.661204643
3174,25.66434774
3175,2.179218513
3176,1.868876529
3177,0.353930731
3178,13.77836262
3179,0.35458156
3180,9.647084844
3181,0.00065083
3182,6.947783965
3183,0
3184,1.132445512
3185,20.34579446
3186,3.600300744
3187,0.330100575
3188,0.960342925
3189,1.65790948
3190,2.461130843
3191,6.225351116
3192,6.255080355
3193,0.331525076
3194,1.455490538
3195,7.679685244
3196,15.37527102
3197,0.128755365
3198,28.60229246
3199,4.923098392
3200,6.25435226
3201,0
3202,6.572794239
3203,2.461130843
3204,13.14901368
3205,3.641797045
3206,0.584255867
3207,0.330100575
3208,16.04269637
3209,0.001949531
3210,0
3211,8.162662068
3212,0
3213,0
3214,0
3215,38.32015882
3216,1.868876529
3217,5.521493116
3218,9.885020399
3219,24.43573013
3220,0.00065083
3221,58.86451094
3222,9.208442315
3223,2.301756973
3224,0.023830156
3225,0.905822473
3226,0.024480986
3227,1.90506961
3228,8.435389191
3229,11.50077479
3230,6.786001217
3231,40.97617938
3232,2.461130843
3233,0.330100575
3234,1.868876529
3235,6.572794239
3236,10.60735326
3237,2.660192388
3238,4.022056642
3239,12.66855445
3240,0
3241,1.028334886
3242,0
3243,0.331399276
3244,11.29325784
3245,0
3246,17.84633451
3247,0.965826597
3248,2.92053309
3249,6.662242541
3250,9.706645583
3251,25.66434774
3252,13.05601506
3253,0.030144165
3254,0.128755365
3255,0.023830156
3256,0
3257,25.66434774
3258,2.461130843
3259,0.356653933
3260,3.595765707
3261,19.4762768
3262,3.225334929
3263,12.43147209
3264,2.461130843
3265,0
3266,3.233331615
3267,0.00065083
3268,10.67322333
3269,11.92898183
3270,18.37865663
3271,0.00065083
3272,4.518774054
3273,0.128755365
3274,0.330751405
3275,25.66434774
3276,0.128755365
3277,5.645815628
3278,1.656823064
3279,0
3280,2.156039187
3281,1.624441385
3282,0.128755365
3283,0.128755365
3284,0.458256013
3285,23.59236467
3286,2.461130843
3287,14.05617556
3288,8.450575601
3289,4.111636591
3290,1.881239454
3291,2.461130843
3292,1.460648749
3293,1.759198816
3294,2.214182999
3295,52.44633175
3296,0.023830156
3297,3.066031151
3298,1.692998784
3299,0.330751405
3300,0.128755365
3301,4.116344513
3302,7.277731865
3303,0
3304,10.13355732
3305,25.66434774
3306,0
3307,0.128755365
3308,2.461130843
3309,1.90506961
3310,1.868876529
3311,0.688447977
3312,5.054406703
3313,1.763789647
3314,1.795475088
3315,25.66434774
3316,2.016059153
3317,0
3318,0.877627839
3319,0
3320,5.359224298
3321,3.321530373
3322,0.330100575
3323,30.9542777
3324,2.461130843
3325,0
3326,0.331525076
3327,0
3328,5.499635773
3329,0
3330,17.41911899
3331,1.080898472
3332,0.128755365
3333,6.620608016
3334,1.462531577
3335,0.916305973
3336,1.020134026
3337,7.549504941
3338,0
3339,48.76707913
3340,0
3341,0.382776194
3342,0.00065083
3343,9.192145216
3344,23.04032503
3345,3.253280901
3346,7.24782602
3347,40.20599539
3348,26.77426273
3349,15.99554525
3350,0.888237139
3351,0
3352,4.657966873
3353,3.589450317
3354,0.887460509
3355,0.188159562
3356,61.63692671
3357,9.720652777
3358,1.656823064
3359,0
3360,1.268987238
3361,3.352704604
3362,11.82294048
3363,5.252173197
3364,0.397467753
3365,14.27872792
3366,0.556061233
3367,0.47234052
3368,0.330751405
3369,3.344664436
3370,9.720652777
3371,4.152654021
3372,3.116820984
3373,5.403232204
3374,16.54734634
3375,1.868876529
3376,9.940014805
3377,5.453583165
3378,3.360553564
3379,1.063860257
3380,1.90506961
3381,0.396169052
3382,13.0118198
3383,0.00065083
3384,3.114841623
3385,0.330100575
3386,0.024480986
3387,0.028845464
3388,6.025896114
3389,4.024264886
3390,2.190352843
3391,0.128755365
3392,11.73168607
3393,10.37687032
3394,26.73141774
3395,25.66434774
3396,0.935573318
3397,0
3398,0.330751405
3399,0.128755365
3400,0.368666068
3401,1.302892334
3402,0
3403,9.755117521
3404,2.37164959
3405,4.654946108
3406,0.023830156
3407,0.001298701
3408,0.028845464
3409,3.076999701
3410,36.13438372
3411,0
3412,12.23091014
3413,6.232548901
3414,33.7250114
3415,0
3416,8.435389191
3417,2.212884297
3418,2.581369141
3419,19.77296005
3420,0.025128857
3421,0
3422,2.523219252
3423,2.461130843
3424,1.66467835
3425,14.56627415
3426,6.718520204
3427,1.791522996
3428,0.428762678
3429,1.868876529
3430,4.811049303
3431,0.00065083
3432,3.664609535
3433,32.34558344
3434,0.00065083
3435,5.452284464
3436,1.37140699
3437,4.501012609
3438,12.31282042
3439,0.038565493
3440,2.716103808
3441,8.207846019
3442,0
3443,1.534483939
3444,7.21855775
3445,10.67322333
3446,0.584255867
3447,4.913952913
3448,4.288100973
3449,0.763927796
3450,10.67322333
3451,0.886812637
3452,13.77836262
3453,5.802116399
3454,24.84162256
3455,56.19721343
3456,8.435389191
3457,2.472601679
3458,0.001949531
3459,0.00065083
3460,9.218714182
3461,5.365155944
3462,1.868876529
3463,2.461130843
3464,0.00065083
3465,0
3466,62.42685903
3467,0.128755365
3468,5.125625121
3469,9.607741202
3470,4.136809929
3471,23.2595409
3472,9.720652777
3473,0
3474,25.66434774
3475,1.815878181
3476,1.868876529
3477,11.08318096
3478,1.90506961
3479,5.422534734
3480,0.330751405
3481,0
3482,7.201556008
3483,0.916305973
3484,0.00065083
3485,0.355880262
3486,0.584255867
3487,0.330100575
3488,2.71144959
3489,15.34153971
3490,0.023830156
3491,0.001298701
3492,0
3493,0.950241788
3494,40.38939725
3495,0.961641626
3496,2.220865383
3497,0.030144165
3498,3.763372347
3499,9.884179194
3500,1.892706685
3501,4.760938468
3502,4.071858568
3503,0.886812637
3504,4.466896788
3505,17.21614188
3506,0.00065083
3507,0.472273653
3508,6.572794239
3509,6.644362901
3510,4.523069863
3511,17.79762559
3512,28.5365728
3513,4.123700661
3514,3.225334929
3515,9.187849045
3516,0.610035554
3517,0.128755365
3518,3.641797045
3519,0.914356442
3520,1.860233752
3521,17.88999183
3522,8.350284529
3523,6.857781837
3524,16.29059019
3525,9.722077279
3526,0.00065083
3527,2.461130843
3528,4.730551727
3529,1.658121766
3530,2.461130843
3531,0.556061233
3532,0.128755365
3533,4.730762301
3534,2.241078931
3535,3.611464243
3536,7.462339914
3537,4.048095042
3538,0.029493335
3539,3.773679943
3540,4.627580133
3541,1.599738642
3542,4.627580133
3543,3.319456454
3544,9.568599138
3545,6.951147347
3546,1.888760598
3547,10.5996554
3548,0.128755365
3549,9.720652777
3550,0.556061233
3551,7.309515215
3552,9.405806657
3553,0.128755365
3554,3.778191745
3555,1.192143605
3556,0
3557,0
3558,3.944000354
3559,14.07176498
3560,0
3561,0.330751405
3562,5.577842972
3563,9.724172901
3564,0.00065083
3565,17.7708929
3566,0.001298701
3567,2.37164959
3568,0.35458156
3569,1.304172519
3570,4.629004634
3571,3.864963962
3572,0
3573,0.00065083
3574,0
3575,4.187326673
3576,5.603048762
3577,14.82922902
3578,14.22183719
3579,11.10156179
3580,0
3581,4.06939154
3582,0.556061233
3583,10.80906957
3584,0.00065083
3585,11.74014775
3586,7.383696332
3587,0.556061233
3588,25.66434774
3589,25.66434774
3590,0.00065083
3591,0.556712063
3592,1.656823064
3593,12.43147209
3594,4.627580133
3595,22.12959096
3596,13.96207245
3597,5.075014024
3598,8.350284529
3599,2.005153989
3600,2.317199115
3601,0.028194634
3602,0.00065083
3603,2.362368031
3604,0
3605,0
3606,3.194948189
3607,0.028194634
3608,1.632992908
3609,25.66434774
3610,0.331525076
3611,0.023830156
3612,2.077209862
3613,2.428463982
3614,1.868876529
3615,0.001298701
3616,1.054092221
3617,0
3618,2.362368031
3619,3.236529594
3620,1.45999792
3621,3.076999701
3622,9.720652777
3623,25.66434774
3624,0.028194634
3625,17.79762559
3626,2.546750714
3627,0.024480986
3628,3.066031151
3629,4.719537356
3630,3.145149064
3631,18.21949583
3632,0.001298701
3633,6.022351823
3634,3.964450626
3635,4.176484177
3636,0
3637,16.51043093
3638,5.378103346
3639,11.13154014
3640,0.888111339
3641,12.43147209
3642,4.144997159
3643,0.876977009
3644,1.565424986
3645,9.977185419
3646,0.910642793
3647,4.584567157
3648,0.960993755
3649,11.30041148
3650,12.43147209
3651,1.881239454
3652,1.892706685
3653,8.350284529
3654,13.13810512
3655,13.26022247
3656,5.394717737
3657,1.892706685
3658,4.627580133
3659,0.330100575
3660,5.561652693
3661,1.90506961
3662,23.74199772
3663,5.259378228
3664,0
3665,4.846673012
3666,1.881239454
3667,3.273653507
3668,58.82135444
3669,0.330751405
3670,0
3671,0.00065083
3672,6.256379057
3673,1.776531674
3674,1.785791313
3675,4.544342015
3676,5.442635986
3677,6.103865274
3678,2.979029978
3679,0
3680,8.677040913
3681,12.03660158
3682,2.462555344
3683,6.574544286
3684,13.98898354
3685,6.444534298
3686,2.437300687
3687,1.656172235
3688,1.103600048
3689,0.128755365
3690,2.585563465
3691,42.94917042
3692,0
3693,3.433642765
3694,16.45703185
3695,4.989673341
3696,2.371939414
3697,1.868876529
3698,12.89807952
3699,0
3700,0.905171643
3701,4.468066031
3702,13.77836262
3703,0.330751405
3704,0.128755365
3705,2.461130843
3706,0.330100575
3707,0.332050106
3708,9.546874565
3709,3.200092344
3710,4.864281324
3711,12.64853848
3712,72.46361413
3713,3.832878942
3714,0.330751405
3715,1.868876529
3716,0.05267562
3717,10.5035559
3718,32.34558344
3719,0.986122612
3720,1.772034994
3721,10.67322333
3722,3.10531111
3723,2.159185757
3724,0
3725,6.572794239
3726,0.128755365
3727,1.765214148
3728,24.06161919
3729,2.536736462
3730,2.941603402
3731,1.868876529
3732,0.098662103
3733,0
3734,0.088198758
3735,2.239875219
3736,0
3737,1.892706685
3738,0.001949531
3739,23.554287
3740,4.00290317
3741,3.314277696
3742,0.556712063
3743,2.405281697
3744,0.556061233
3745,9.884179194
3746,4.582303189
3747,0.128755365
3748,19.95947274
3749,1.806460187
3750,1.551684769
3751,1.659546267
3752,4.123700661
3753,3.352704604
3754,2.226925026
3755,0.128755365
3756,0.00065083
3757,3.354129106
3758,0.584906697
3759,12.13873967
3760,0.025779687
3761,0.331525076
3762,1.868876529
3763,2.232527408
3764,0.128755365
3765,24.66622628
3766,3.576081274
3767,1.750928041
3768,3.194948189
3769,0.768031065
3770,0.47234052
3771,1.460648749
3772,7.004185908
3773,0
3774,2.461130843
3775,0
3776,4.656484307
3777,3.19930658
3778,0
3779,0
3780,1.90506961
3781,3.171118033
3782,0.00065083
3783,0
3784,4.00290317
3785,0
3786,1.302241504
3787,9.720652777
3788,19.59510636
3789,6.043797414
3790,2.635608893
3791,2.722023382
3792,4.293986426
3793,10.51086727
3794,0
3795,0.910642793
3796,0.330751405
3797,25.66434774
3798,3.171118033
3799,0.023830156
3800,3.858927252
3801,0.00065083
3802,3.171118033
3803,0.128755365
3804,0.853797683
3805,5.12253986
3806,0.00065083
3807,0.382776194
3808,5.523287267
3809,13.22567857
3810,0.556712063
3811,0
3812,7.715078275
3813,0
3814,11.11793048
3815,0.014043687
3816,0.332050106
3817,1.027036185
3818,8.459812385
3819,0.00065083
3820,17.79762559
3821,0.584906697
3822,1.868876529
3823,4.810654124
3824,0.910642793
3825,5.699819865
3826,3.641797045
3827,0.330751405
3828,12.20340194
3829,0.384848567
3830,15.76837166
3831,5.536888013
3832,3.233331615
3833,10.51769906
3834,1.90506961
3835,36.30798417
3836,0.00065083
3837,0
3838,0.332050106
3839,25.66434774
3840,14.44143098
3841,60.80959803
3842,1.455368097
3843,33.2130813
3844,9.720652777
3845,0
3846,5.396549615
3847,4.741559852
3848,5.246915314
3849,4.515308016
3850,10.02405004
3851,1.81392865
3852,1.460452436
3853,7.315829335
3854,0
3855,6.280391632
3856,0.940136129
3857,2.31631042
3858,0.916431773
3859,2.115996143
3860,1.434987773
3861,0.00065083
3862,0.128755365
3863,1.656823064
3864,1.439352251
3865,1.868876529
3866,14.98055323
3867,0.00065083
3868,0.00065083
3869,1.81457948
3870,5.402112829
3871,0.001298701
3872,0.128755365
3873,8.162662068
3874,5.269295368
3875,3.779433175
3876,14.11099808
3877,0.023830156
3878,1.812687246
3879,0.00065083
3880,4.715778891
3881,23.51173099
3882,1.868876529
3883,1.892706685
3884,0.128755365
3885,25.66434774
3886,0.128755365
3887,0.887460509
3888,25.66434774
3889,0.00065083
3890,2.722023382
3891,2.999971935
3892,3.194948189
3893,0.330100575
3894,7.211973321
3895,2.905614738
3896,1.858953567
3897,0.128755365
3898,8.548285548
3899,2.715642743
3900,2.362368031
3901,12.30922767
3902,0.128755365
3903,0
3904,3.702853333
3905,25.66434774
3906,0.00065083
3907,6.06676123
3908,3.463814558
3909,1.793282982
3910,1.125678403
3911,0.00065083
3912,1.380682404
3913,0.853797683
3914,0.330100575
3915,2.461130843
3916,1.849220464
3917,23.94066236
3918,2.461130843
3919,35.18911417
3920,0
3921,3.665627201
3922,12.43147209
3923,0
3924,0.330100575
3925,2.446120532
3926,3.233331615
3927,0.355355232
3928,25.66434774
3929,4.123700661
3930,9.622665318
3931,6.154559134
3932,0.556061233
3933,0
3934,0.355880262
3935,12.43043382
3936,12.43147209
3937,1.861532453
3938,0.333474607
3939,11.82294048
3940,1.906494111
3941,1.312815296
3942,2.214182999
3943,2.755507101
3944,10.77927952
3945,0.331525076
3946,6.621718067
3947,32.34558344
3948,2.2156075
3949,7.137816017
3950,6.291590242
3951,5.910334981
3952,2.291944458
3953,0.986122612
3954,0
3955,1.207077584
3956,12.28763193
3957,0.002075331
3958,15.89960721
3959,54.86291775
3960,1.853287106
3961,25.66434774
3962,4.048095042
3963,0
3964,0
3965,1.45999792
3966,22.02354089
3967,12.43147209
3968,0.991165459
3969,7.551766084
3970,3.731420304
3971,0.361669241
3972,2.461130843
3973,2.461130843
3974,34.38037312
3975,0.556712063
3976,6.924226918
3977,4.00290317
3978,49.29681632
3979,3.248110162
3980,0.023830156
3981,0
3982,2.011551771
3983,8.060807471
3984,28.5365728
3985,3.723119782
3986,2.405932527
3987,0.00065083
3988,15.98817727
3989,0.024480986
3990,0.580542219
3991,0.877627839
3992,0.00065083
3993,0.00065083
3994,23.19631045
3995,0
3996,2.745853538
3997,17.06649217
3998,6.276227936
3999,6.644362901
